SQL> SELECT * FROM EMP;

     EMPNO ENAME      JOB              MGR HIREDATE         SAL       COMM     DEPTNO               
---------- ---------- --------- ---------- --------- ---------- ---------- ----------               
      7839 KING       PRESIDENT            17-NOV-81       5000                    10               
      7698 BLAKE      MANAGER         7839 01-MAY-81       2850                    30               
      7782 CLARK      MANAGER         7839 09-JUN-81       2450                    10               
      7566 JONES      MANAGER         7839 02-APR-81       2975                    20               
      7788 SCOTT      ANALYST         7566 19-APR-87       3000                    20               
      7902 FORD       ANALYST         7566 03-DEC-81       3000                    20               
      7369 SMITH      CLERK           7902 17-DEC-80        800                    20               
      7499 ALLEN      SALESMAN        7698 20-FEB-81       1600        300         30               
      7521 WARD       SALESMAN        7698 22-FEB-81       1250        500         30               
      7654 MARTIN     SALESMAN        7698 28-SEP-81       1250       1400         30               
      7844 TURNER     SALESMAN        7698 08-SEP-81       1500          0         30               
      7876 ADAMS      CLERK           7788 23-MAY-87       1100                    20               
      7900 JAMES      CLERK           7698 03-DEC-81        950                    30               
      7934 MILLER     CLERK           7782 23-JAN-82       1300                    10               

14 rows selected.

SQL> SELECT * FROM DEPT;

    DEPTNO DNAME          LOC                                                                       
---------- -------------- -------------                                                             
        10 ACCOUNTING     NEW YORK                                                                  
        20 RESEARCH       DALLAS                                                                    
        30 SALES          CHICAGO                                                                   
        40 OPERATIONS     BOSTON                                                                    

SQL> ED
Wrote file afiedt.buf

  1  SELECT ENAME
  2  FROM EMP
  3  WHERE DEPTNO = (
  4  		SELECT DEPTNO
  5  		FROM DEPT
  6  		WHERE DNAME = 'ACCOUNTING'
  7* 	       )
SQL> S/
SP2-0042: unknown command "S/" - rest of line ignored.
SQL> ED
Wrote file afiedt.buf

  1  SELECT ENAME
  2  FROM EMP
  3  WHERE DEPTNO = (
  4  		SELECT DEPTNO
  5  		FROM DEPT
  6  		WHERE DNAME = 'ACCOUNTING'
  7* 	       )
SQL> /

ENAME                                                                                               
----------                                                                                          
KING                                                                                                
CLARK                                                                                               
MILLER                                                                                              

SQL> SELECT ENAME
  2  ,SAL
  3  FROM EMP
  4  WHERE SAL < ANY(SELECT AVG(SAL)
  5  		     FROM EMP
  6  		    );

ENAME             SAL                                                                               
---------- ----------                                                                               
SMITH             800                                                                               
ALLEN            1600                                                                               
WARD             1250                                                                               
MARTIN           1250                                                                               
TURNER           1500                                                                               
ADAMS            1100                                                                               
JAMES             950                                                                               
MILLER           1300                                                                               

8 rows selected.

SQL> SELECT AVG(SAL) FROM EMP;

  AVG(SAL)                                                                                          
----------                                                                                          
2073.21429                                                                                          

SQL> ED
Wrote file afiedt.buf

  1* SELECT AVG(SAL) FROM EMP
SQL> SELECT ENAME
  2  ,SAL
  3  FROM EMP
  4  WHERE SAL < ANY(SELECT AVG(SAL)
  5                  FROM EMP
  6                 );

ENAME             SAL                                                                               
---------- ----------                                                                               
SMITH             800                                                                               
ALLEN            1600                                                                               
WARD             1250                                                                               
MARTIN           1250                                                                               
TURNER           1500                                                                               
ADAMS            1100                                                                               
JAMES             950                                                                               
MILLER           1300                                                                               

8 rows selected.

SQL> ED
Wrote file afiedt.buf

  1  SELECT ENAME
  2  ,SAL
  3  FROM EMP
  4  WHERE SAL < ANY(SELECT AVG(SAL)
  5                  FROM EMP
  6  		GROUP BY DEPTNO
  7*                )
SQL> /

ENAME             SAL                                                                               
---------- ----------                                                                               
SMITH             800                                                                               
JAMES             950                                                                               
ADAMS            1100                                                                               
MARTIN           1250                                                                               
WARD             1250                                                                               
MILLER           1300                                                                               
TURNER           1500                                                                               
ALLEN            1600                                                                               
CLARK            2450                                                                               
BLAKE            2850                                                                               

10 rows selected.

SQL> ED
Wrote file afiedt.buf

  1  SELECT AVG(SAL)
  2       FROM EMP
  3* GROUP BY DEPTNO
SQL> /

  AVG(SAL)                                                                                          
----------                                                                                          
1566.66667                                                                                          
      2175                                                                                          
2916.66667                                                                                          

SQL> ED
Wrote file afiedt.buf

  1  SELECT AVG(SAL)
  2       FROM EMP
  3* GROUP BY DEPTNO
SQL>  SELECT ENAME
  2   ,SAL
  3   FROM EMP
  4   WHERE SAL < ANY(SELECT AVG(SAL)
  5                   FROM EMP
  6              GROUP BY DEPTNO
  7                  );

ENAME             SAL                                                                               
---------- ----------                                                                               
SMITH             800                                                                               
JAMES             950                                                                               
ADAMS            1100                                                                               
MARTIN           1250                                                                               
WARD             1250                                                                               
MILLER           1300                                                                               
TURNER           1500                                                                               
ALLEN            1600                                                                               
CLARK            2450                                                                               
BLAKE            2850                                                                               

10 rows selected.

SQL> ED
Wrote file afiedt.buf

  1   SELECT ENAME
  2   ,SAL
  3   FROM EMP
  4   WHERE SAL < ALL(SELECT AVG(SAL)
  5                   FROM EMP
  6              GROUP BY DEPTNO
  7*                 )
SQL> /

ENAME             SAL                                                                               
---------- ----------                                                                               
TURNER           1500                                                                               
MILLER           1300                                                                               
MARTIN           1250                                                                               
WARD             1250                                                                               
ADAMS            1100                                                                               
JAMES             950                                                                               
SMITH             800                                                                               

7 rows selected.

SQL> ED
Wrote file afiedt.buf

  1  SELECT ENAME
  2  ,EMPNO
  3  ,MGR  
  4  FROM EMP  
  5  CONNECT BY PRIOR EMPNO = MGR  
  6* START WITH ENAME = 'ALLEN'
SQL> /

ENAME           EMPNO        MGR                                                                    
---------- ---------- ----------                                                                    
ALLEN            7499       7698                                                                    

SQL> ED
Wrote file afiedt.buf

  1  SELECT ENAME
  2  ,EMPNO
  3  ,MGR  
  4  FROM EMP  
  5* CONNECT BY PRIOR EMPNO = MGR  
  6  /

ENAME           EMPNO        MGR                                                                    
---------- ---------- ----------                                                                    
SCOTT            7788       7566                                                                    
ADAMS            7876       7788                                                                    
FORD             7902       7566                                                                    
SMITH            7369       7902                                                                    
ALLEN            7499       7698                                                                    
JAMES            7900       7698                                                                    
TURNER           7844       7698                                                                    
MARTIN           7654       7698                                                                    
WARD             7521       7698                                                                    
MILLER           7934       7782                                                                    
ADAMS            7876       7788                                                                    
BLAKE            7698       7839                                                                    
ALLEN            7499       7698                                                                    
JAMES            7900       7698                                                                    
TURNER           7844       7698                                                                    
MARTIN           7654       7698                                                                    
WARD             7521       7698                                                                    
JONES            7566       7839                                                                    
SCOTT            7788       7566                                                                    
ADAMS            7876       7788                                                                    
FORD             7902       7566                                                                    
SMITH            7369       7902                                                                    
CLARK            7782       7839                                                                    
MILLER           7934       7782                                                                    
SMITH            7369       7902                                                                    
KING             7839                                                                               
BLAKE            7698       7839                                                                    
ALLEN            7499       7698                                                                    
JAMES            7900       7698                                                                    
TURNER           7844       7698                                                                    
MARTIN           7654       7698                                                                    
WARD             7521       7698                                                                    
JONES            7566       7839                                                                    
SCOTT            7788       7566                                                                    
ADAMS            7876       7788                                                                    
FORD             7902       7566                                                                    
SMITH            7369       7902                                                                    
CLARK            7782       7839                                                                    
MILLER           7934       7782                                                                    

39 rows selected.

SQL> ED
Wrote file afiedt.buf

  1  SELECT ENAME
  2  ,EMPNO
  3  ,MGR  
  4  FROM EMP  
  5  CONNECT BY PRIOR EMPNO = MGR  
  6* START WITH ENAME = 'KING'
SQL> /

ENAME           EMPNO        MGR                                                                    
---------- ---------- ----------                                                                    
KING             7839                                                                               
JONES            7566       7839                                                                    
SCOTT            7788       7566                                                                    
ADAMS            7876       7788                                                                    
FORD             7902       7566                                                                    
SMITH            7369       7902                                                                    
BLAKE            7698       7839                                                                    
ALLEN            7499       7698                                                                    
WARD             7521       7698                                                                    
MARTIN           7654       7698                                                                    
TURNER           7844       7698                                                                    
JAMES            7900       7698                                                                    
CLARK            7782       7839                                                                    
MILLER           7934       7782                                                                    

14 rows selected.

SQL> ED
Wrote file afiedt.buf

  1  SELECT ENAME
  2  ,EMPNO
  3  ,MGR  
  4  FROM EMP  
  5  CONNECT BY PRIOR EMPNO = MGR  
  6* START WITH ENAME = 'BLAKE'
SQL> /

ENAME           EMPNO        MGR                                                                    
---------- ---------- ----------                                                                    
BLAKE            7698       7839                                                                    
ALLEN            7499       7698                                                                    
WARD             7521       7698                                                                    
MARTIN           7654       7698                                                                    
TURNER           7844       7698                                                                    
JAMES            7900       7698                                                                    

6 rows selected.

SQL> CREATE TABLE A
  2  (NUM1 NUMBER(3));
CREATE TABLE A
             *
ERROR at line 1:
ORA-00955: name is already used by an existing object 


SQL> SELECT * FROM A;

no rows selected

SQL> DESC A;
 Name                                                  Null?    Type
 ----------------------------------------------------- -------- ------------------------------------
 NUM                                                            NUMBER(3)

SQL> DESC B;
 Name                                                  Null?    Type
 ----------------------------------------------------- -------- ------------------------------------
 NUM                                                            NUMBER(3)

SQL> SELECT * FROM B;

no rows selected

SQL> INSERT INTO A
  2  VALUES(&NUM);
Enter value for num: 0
old   2: VALUES(&NUM)
new   2: VALUES(0)

1 row created.

SQL> /
Enter value for num: 2
old   2: VALUES(&NUM)
new   2: VALUES(2)

1 row created.

SQL> /
Enter value for num: 4
old   2: VALUES(&NUM)
new   2: VALUES(4)

1 row created.

SQL> /
Enter value for num: 6
old   2: VALUES(&NUM)
new   2: VALUES(6)

1 row created.

SQL> /
Enter value for num: 8
old   2: VALUES(&NUM)
new   2: VALUES(8)

1 row created.

SQL> /
Enter value for num: 10
old   2: VALUES(&NUM)
new   2: VALUES(10)

1 row created.

SQL> ED
Wrote file afiedt.buf

  1  INSERT INTO B
  2* VALUES(&NUM)
SQL> /
Enter value for num: 0
old   2: VALUES(&NUM)
new   2: VALUES(0)

1 row created.

SQL> /
Enter value for num: 2
old   2: VALUES(&NUM)
new   2: VALUES(2)

1 row created.

SQL> /
Enter value for num: 3
old   2: VALUES(&NUM)
new   2: VALUES(3)

1 row created.

SQL> /
Enter value for num: 5
old   2: VALUES(&NUM)
new   2: VALUES(5)

1 row created.

SQL> /
Enter value for num: 7
old   2: VALUES(&NUM)
new   2: VALUES(7)

1 row created.

SQL> /
Enter value for num: 9
old   2: VALUES(&NUM)
new   2: VALUES(9)

1 row created.

SQL> /
Enter value for num: 10
old   2: VALUES(&NUM)
new   2: VALUES(10)

1 row created.

SQL> SELECT * FROM A;

       NUM                                                                                          
----------                                                                                          
         0                                                                                          
         2                                                                                          
         4                                                                                          
         6                                                                                          
         8                                                                                          
        10                                                                                          

6 rows selected.

SQL> SELECT * FROM B;

       NUM                                                                                          
----------                                                                                          
         0                                                                                          
         2                                                                                          
         3                                                                                          
         5                                                                                          
         7                                                                                          
         9                                                                                          
        10                                                                                          

7 rows selected.

SQL> SELECT NUM FROM A
  2  UNION
  3  SELECT NUM FROM B;

       NUM                                                                                          
----------                                                                                          
         0                                                                                          
         2                                                                                          
         3                                                                                          
         4                                                                                          
         5                                                                                          
         6                                                                                          
         7                                                                                          
         8                                                                                          
         9                                                                                          
        10                                                                                          

10 rows selected.

SQL> E
SP2-0042: unknown command "E" - rest of line ignored.
SQL> ED
Wrote file afiedt.buf

  1  SELECT NUM FROM A
  2  UNION ALL
  3* SELECT NUM FROM B
SQL> /

       NUM                                                                                          
----------                                                                                          
         0                                                                                          
         2                                                                                          
         4                                                                                          
         6                                                                                          
         8                                                                                          
        10                                                                                          
         0                                                                                          
         2                                                                                          
         3                                                                                          
         5                                                                                          
         7                                                                                          
         9                                                                                          
        10                                                                                          

13 rows selected.

SQL> ED
Wrote file afiedt.buf

  1  SELECT NUM FROM A
  2  INTERSECT
  3* SELECT NUM FROM B
SQL> /

       NUM                                                                                          
----------                                                                                          
         0                                                                                          
         2                                                                                          
        10                                                                                          

SQL> ED
Wrote file afiedt.buf

  1  SELECT NUM FROM A
  2  MINUS
  3* SELECT NUM FROM B
SQL> /

       NUM                                                                                          
----------                                                                                          
         4                                                                                          
         6                                                                                          
         8                                                                                          

SQL> ED
Wrote file afiedt.buf

  1  SELECT NUM FROM B
  2  MINUS
  3* SELECT NUM FROM A
SQL> /

       NUM                                                                                          
----------                                                                                          
         3                                                                                          
         5                                                                                          
         7                                                                                          
         9                                                                                          

SQL> SELECT * FROM STAFF_MASTER;

STAFF_CODE STAFF_NAME            STAFF_SAL                                                          
---------- -------------------- ----------                                                          
        10 SACHIN                     2000                                                          

SQL> SELECT * FROM EMP;

     EMPNO ENAME      JOB              MGR HIREDATE         SAL       COMM     DEPTNO               
---------- ---------- --------- ---------- --------- ---------- ---------- ----------               
      7839 KING       PRESIDENT            17-NOV-81       5000                    10               
      7698 BLAKE      MANAGER         7839 01-MAY-81       2850                    30               
      7782 CLARK      MANAGER         7839 09-JUN-81       2450                    10               
      7566 JONES      MANAGER         7839 02-APR-81       2975                    20               
      7788 SCOTT      ANALYST         7566 19-APR-87       3000                    20               
      7902 FORD       ANALYST         7566 03-DEC-81       3000                    20               
      7369 SMITH      CLERK           7902 17-DEC-80        800                    20               
      7499 ALLEN      SALESMAN        7698 20-FEB-81       1600        300         30               
      7521 WARD       SALESMAN        7698 22-FEB-81       1250        500         30               
      7654 MARTIN     SALESMAN        7698 28-SEP-81       1250       1400         30               
      7844 TURNER     SALESMAN        7698 08-SEP-81       1500          0         30               
      7876 ADAMS      CLERK           7788 23-MAY-87       1100                    20               
      7900 JAMES      CLERK           7698 03-DEC-81        950                    30               
      7934 MILLER     CLERK           7782 23-JAN-82       1300                    10               

14 rows selected.

SQL> SELECT * FROM E1;

     EMPNO ENAME      JOB              MGR HIREDATE         SAL       COMM     DEPTNO               
---------- ---------- --------- ---------- --------- ---------- ---------- ----------               
      7839 KING       PRESIDENT            17-NOV-81       5000                    10               
      7698 BLAKE      MANAGER         7839 01-MAY-81       2850                    30               
      7782 CLARK      MANAGER         7839 09-JUN-81       2450                    10               
      7566 JONES      MANAGER         7839 02-APR-81       2975                    20               
      7788 SCOTT      ANALYST         7566 19-APR-87       3000                    20               
      7902 FORD       ANALYST         7566 03-DEC-81       3000                    20               
      7369 SMITH      CLERK           7902 17-DEC-80        800                    20               
      7499 ALLEN      SALESMAN        7698 20-FEB-81       1600        300         30               
      7521 WARD       SALESMAN        7698 22-FEB-81       1250        500         30               
      7654 MARTIN     SALESMAN        7698 28-SEP-81       1250       1400         30               
      7844 TURNER     SALESMAN        7698 08-SEP-81       1500          0         30               
      7876 ADAMS      CLERK           7788 23-MAY-87       1100                    20               
      7900 JAMES      CLERK           7698 03-DEC-81        950                    30               
      7934 MILLER     CLERK           7782 23-JAN-82       1300                    10               

14 rows selected.

SQL> DELETE FROM E1;

14 rows deleted.

SQL> MERGE INTO E1
  2  USING EMP
  3  ON (EMP.EMPNO = E1.EMPNO)
  4  WHEN MATCHED THEN
  5  UPDATE
  6  SET SAL = SAL + 1000
  7  WHEN NOT MATCHED THEN
  8  INSERT(EMPNO,ENAME,SAL)
  9  VALUES(1000,'SACHIN',2000);

0 rows merged.

SQL> SELECT * FROM E1;

no rows selected

SQL> ED
Wrote file afiedt.buf

  1* SELECT * FROM E1
SQL> MERGE INTO E1
  2  USING EMP
  3  ON (EMP.EMPNO = E1.EMPNO)
  4  WHEN MATCHED THEN
  5  UPDATE
  6  SET SAL = SAL + 1000
  7  WHEN NOT MATCHED THEN
  8  INSERT(EMPNO,ENAME,SAL)
  9  VALUES(1000,'SACHIN',2000);

0 rows merged.

SQL> ED
Wrote file afiedt.buf

  1  MERGE INTO E1
  2  USING EMP
  3  ON (EMP.EMPNO = E1.EMPNO)
  4  WHEN MATCHED THEN
  5  UPDATE
  6  SET SAL = SAL + 1000
  7  WHEN NOT MATCHED THEN
  8  INSERT(EMPNO,ENAME,SAL)
  9* VALUES(EMP.EMPNO,EMP.ENAME,EMP.SAL)
SQL> /

0 rows merged.

SQL> /

0 rows merged.

SQL> INSERT INTO E1(EMPNO)
  2  VALUES(1000);

1 row created.

SQL> ED
Wrote file afiedt.buf

  1  INSERT INTO E1(EMPNO)
  2* VALUES(7698)
SQL> /

1 row created.

SQL> ED
Wrote file afiedt.buf

  1  INSERT INTO E1(EMPNO)
  2* VALUES(7788)
SQL> /

1 row created.

SQL> MERGE INTO E1
  2  USING EMP
  3  ON (EMP.EMPNO = E1.EMPNO)
  4  WHEN MATCHED THEN
  5  UPDATE
  6  SET SAL = SAL + 1000
  7  WHEN NOT MATCHED THEN
  8  INSERT(EMPNO,ENAME,SAL)
  9  VALUES(EMP.EMPNO,EMP.ENAME,EMP.SAL);

3 rows merged.

SQL> SELECT * FROM E1;

     EMPNO ENAME      JOB              MGR HIREDATE         SAL       COMM     DEPTNO               
---------- ---------- --------- ---------- --------- ---------- ---------- ----------               
      1000                                                                                          
      7698                                                                                          
      7788                                                                                          

SQL>  MERGE INTO E1
  2   USING EMP
  3   ON (EMP.EMPNO = E1.EMPNO)
  4   WHEN MATCHED THEN
  5   UPDATE
  6   SET SAL = SAL + 1000
  7   WHEN NOT MATCHED THEN
  8   INSERT(EMPNO,ENAME,SAL)
  9   VALUES(EMP.EMPNO,EMP.ENAME,EMP.SAL);

3 rows merged.

SQL> ED
Wrote file afiedt.buf

  1   MERGE INTO E1
  2   USING EMP
  3   ON (EMP.EMPNO = E1.EMPNO)
  4   WHEN MATCHED THEN
  5   UPDATE
  6   SET SAL = EMP.SAL + 1000
  7   WHEN NOT MATCHED THEN
  8   INSERT(EMPNO,ENAME,SAL)
  9*  VALUES(EMP.EMPNO,EMP.ENAME,EMP.SAL)
SQL> /

3 rows merged.

SQL> SELECT * FROM E1;

     EMPNO ENAME      JOB              MGR HIREDATE         SAL       COMM     DEPTNO               
---------- ---------- --------- ---------- --------- ---------- ---------- ----------               
      1000                                                                                          
      7698                                                                                          
      7788                                                                                          

SQL>  MERGE INTO E1
  2   USING EMP
  3   ON (EMP.EMPNO = E1.EMPNO)
  4   WHEN MATCHED THEN
  5   UPDATE
  6   SET SAL = EMP.SAL + 1000
  7   WHEN NOT MATCHED THEN
  8   INSERT(EMPNO,ENAME,SAL)
  9   VALUES(EMP.EMPNO,EMP.ENAME,EMP.SAL)
 10  ;

3 rows merged.

SQL> ED
Wrote file afiedt.buf

  1   MERGE INTO E1
  2   USING EMP
  3   ON (EMP.EMPNO = E1.EMPNO)
  4   WHEN MATCHED THEN
  5   UPDATE
  6   SET SAL = 1000
  7   WHEN NOT MATCHED THEN
  8   INSERT(EMPNO,ENAME,SAL)
  9*  VALUES(EMP.EMPNO,EMP.ENAME,EMP.SAL)
 10  /

3 rows merged.

SQL> SELECT * FROM E1;

     EMPNO ENAME      JOB              MGR HIREDATE         SAL       COMM     DEPTNO               
---------- ---------- --------- ---------- --------- ---------- ---------- ----------               
      1000                                                 1000                                     
      7698                                                 1000                                     
      7788                                                 1000                                     

SQL> INSERT INTO E1(EMPNO)
  2  VALUES(1200);

1 row created.

SQL>  MERGE INTO E1
  2   USING EMP
  3   ON (EMP.EMPNO = E1.EMPNO)
  4   WHEN MATCHED THEN
  5   UPDATE
  6   SET SAL = 1000
  7   WHEN NOT MATCHED THEN
  8   INSERT(EMPNO,ENAME,SAL)
  9   VALUES(EMP.EMPNO,EMP.ENAME,EMP.SAL);

4 rows merged.

SQL> SELECT * FROM E1;

     EMPNO ENAME      JOB              MGR HIREDATE         SAL       COMM     DEPTNO               
---------- ---------- --------- ---------- --------- ---------- ---------- ----------               
      1000                                                 1000                                     
      7698                                                 1000                                     
      7788                                                 1000                                     
      1200                                                 1000                                     

SQL> ed
Wrote file afiedt.buf

  1* SELECT * FROM E1
SQL>  MERGE INTO E1
  2   USING EMP
  3   ON (EMP.EMPNO = E1.EMPNO)
  4   WHEN MATCHED THEN
  5   UPDATE
  6   SET SAL = 1000
  7   WHEN NOT MATCHED THEN
  8   INSERT(EMPNO,ENAME,SAL)
  9   VALUES(EMP.EMPNO,EMP.ENAME,EMP.SAL);

4 rows merged.

SQL> ed
Wrote file afiedt.buf

  1   MERGE INTO E1
  2   USING EMP
  3   ON (EMP.EMPNO = E1.EMPNO)
  4   WHEN MATCHED THEN
  5   UPDATE
  6   SET E1.SAL = 1000
  7   WHEN NOT MATCHED THEN
  8   INSERT(E1.EMPNO,E1.ENAME,E1.SAL)
  9*  VALUES(EMP.EMPNO,EMP.ENAME,EMP.SAL)
SQL> /

4 rows merged.

SQL> SELECT * FROM E1;

     EMPNO ENAME      JOB              MGR HIREDATE         SAL       COMM     DEPTNO               
---------- ---------- --------- ---------- --------- ---------- ---------- ----------               
      1000                                                 1000                                     
      7698                                                 1000                                     
      7788                                                 1000                                     
      1200                                                 1000                                     

SQL> DELETE FROM E1 WHERE EMPNO = 7698
  2  ;

1 row deleted.

SQL> DELETE SAL FROM E1;
DELETE SAL FROM E1
           *
ERROR at line 1:
ORA-00933: SQL command not properly ended 


SQL> DELETE SAL FROM E1
  2  WHERE EMPNO IN ( 1000,1200,7698,7788);
DELETE SAL FROM E1
           *
ERROR at line 1:
ORA-00933: SQL command not properly ended 


SQL> ED
Wrote file afiedt.buf

  1  UPDATE E1
  2  SET SAL = NULL 
  3* WHERE EMPNO IN ( 1000,1200,7698,7788)
SQL> /

3 rows updated.

SQL> SELECT * FROM E1;

     EMPNO ENAME      JOB              MGR HIREDATE         SAL       COMM     DEPTNO               
---------- ---------- --------- ---------- --------- ---------- ---------- ----------               
      1000                                                                                          
      7788                                                                                          
      1200                                                                                          

SQL> 
SQL>  MERGE INTO E1
  2   USING EMP
  3   ON (EMP.EMPNO = E1.EMPNO)
  4   WHEN MATCHED THEN
  5   UPDATE
  6   SET E1.SAL = 1000
  7   WHEN NOT MATCHED THEN
  8   INSERT(E1.EMPNO,E1.ENAME,E1.SAL)
  9   VALUES(EMP.EMPNO,EMP.ENAME,EMP.SAL);

3 rows merged.

SQL> SELECT * FROM E1;

     EMPNO ENAME      JOB              MGR HIREDATE         SAL       COMM     DEPTNO               
---------- ---------- --------- ---------- --------- ---------- ---------- ----------               
      1000                                                 1000                                     
      7788                                                 1000                                     
      1200                                                 1000                                     

SQL> SELECT * FROM EMP;

     EMPNO ENAME      JOB              MGR HIREDATE         SAL       COMM     DEPTNO               
---------- ---------- --------- ---------- --------- ---------- ---------- ----------               
      1000                                                 1000                                     
      7788                                                 1000                                     
      1200                                                 1000                                     

SQL> ROLLBACK;

Rollback complete.

SQL> SELECT * FROM EMP;

     EMPNO ENAME      JOB              MGR HIREDATE         SAL       COMM     DEPTNO               
---------- ---------- --------- ---------- --------- ---------- ---------- ----------               
      7839 KING       PRESIDENT            17-NOV-81       5000                    10               
      7698 BLAKE      MANAGER         7839 01-MAY-81       2850                    30               
      7782 CLARK      MANAGER         7839 09-JUN-81       2450                    10               
      7566 JONES      MANAGER         7839 02-APR-81       2975                    20               
      7788 SCOTT      ANALYST         7566 19-APR-87       3000                    20               
      7902 FORD       ANALYST         7566 03-DEC-81       3000                    20               
      7369 SMITH      CLERK           7902 17-DEC-80        800                    20               
      7499 ALLEN      SALESMAN        7698 20-FEB-81       1600        300         30               
      7521 WARD       SALESMAN        7698 22-FEB-81       1250        500         30               
      7654 MARTIN     SALESMAN        7698 28-SEP-81       1250       1400         30               
      7844 TURNER     SALESMAN        7698 08-SEP-81       1500          0         30               
      7876 ADAMS      CLERK           7788 23-MAY-87       1100                    20               
      7900 JAMES      CLERK           7698 03-DEC-81        950                    30               
      7934 MILLER     CLERK           7782 23-JAN-82       1300                    10               

14 rows selected.

SQL> 
SQL> UPDATE E1
  2  SET SAL = NULL
  3  WHERE EMPNO IN ( 1000,1200,7698,7788);

2 rows updated.

SQL> SELECT * FROM E1;

     EMPNO ENAME      JOB              MGR HIREDATE         SAL       COMM     DEPTNO               
---------- ---------- --------- ---------- --------- ---------- ---------- ----------               
      7839 KING       PRESIDENT            17-NOV-81       5000                    10               
      7698 BLAKE      MANAGER         7839 01-MAY-81                               30               
      7782 CLARK      MANAGER         7839 09-JUN-81       2450                    10               
      7566 JONES      MANAGER         7839 02-APR-81       2975                    20               
      7788 SCOTT      ANALYST         7566 19-APR-87                               20               
      7902 FORD       ANALYST         7566 03-DEC-81       3000                    20               
      7369 SMITH      CLERK           7902 17-DEC-80        800                    20               
      7499 ALLEN      SALESMAN        7698 20-FEB-81       1600        300         30               
      7521 WARD       SALESMAN        7698 22-FEB-81       1250        500         30               
      7654 MARTIN     SALESMAN        7698 28-SEP-81       1250       1400         30               
      7844 TURNER     SALESMAN        7698 08-SEP-81       1500          0         30               
      7876 ADAMS      CLERK           7788 23-MAY-87       1100                    20               
      7900 JAMES      CLERK           7698 03-DEC-81        950                    30               
      7934 MILLER     CLERK           7782 23-JAN-82       1300                    10               

14 rows selected.

SQL> DELETE FROM E1 WHERE SAL IS NOT NULL;

12 rows deleted.

SQL> SELECT * FROM E1;

     EMPNO ENAME      JOB              MGR HIREDATE         SAL       COMM     DEPTNO               
---------- ---------- --------- ---------- --------- ---------- ---------- ----------               
      7698 BLAKE      MANAGER         7839 01-MAY-81                               30               
      7788 SCOTT      ANALYST         7566 19-APR-87                               20               

SQL> INSERT INTO E1(EMPNO)
  2  VALUES(1000)
  3  ;

1 row created.

SQL> ED
Wrote file afiedt.buf

  1  INSERT INTO E1(EMPNO)
  2* VALUES(1200)
  3  /

1 row created.

SQL>  MERGE INTO E1
  2   USING EMP
  3   ON (EMP.EMPNO = E1.EMPNO)
  4   WHEN MATCHED THEN
  5   UPDATE
  6   SET E1.SAL = 1000
  7   WHEN NOT MATCHED THEN
  8   INSERT(E1.EMPNO,E1.ENAME,E1.SAL)
  9   VALUES(EMP.EMPNO,EMP.ENAME,EMP.SAL);

4 rows merged.

SQL> SELECT * FROM E1;

     EMPNO ENAME      JOB              MGR HIREDATE         SAL       COMM     DEPTNO               
---------- ---------- --------- ---------- --------- ---------- ---------- ----------               
      1000                                                 1000                                     
      1200                                                 1000                                     
      7698 BLAKE      MANAGER         7839 01-MAY-81       1000                    30               
      7788 SCOTT      ANALYST         7566 19-APR-87       1000                    20               

SQL> INSERT INTO EMP(EMPNO)
  2  VALUES(1500);

1 row created.

SQL> MERGE INTO E1
  2  USING EMP
  3  ON (EMP.EMPNO = E1.EMPNO)
  4  WHEN MATCHED THEN
  5  UPDATE
  6  SET E1.SAL = 1000
  7  WHEN NOT MATCHED THEN
  8  INSERT(E1.EMPNO,E1.ENAME,E1.SAL)
  9  VALUES(EMP.EMPNO,EMP.ENAME,EMP.SAL);

5 rows merged.

SQL> SELECT * FROM E1;

     EMPNO ENAME      JOB              MGR HIREDATE         SAL       COMM     DEPTNO               
---------- ---------- --------- ---------- --------- ---------- ---------- ----------               
      1000                                                 1000                                     
      1200                                                 1000                                     
      1500                                                 1000                                     
      7698 BLAKE      MANAGER         7839 01-MAY-81       1000                    30               
      7788 SCOTT      ANALYST         7566 19-APR-87       1000                    20               

SQL> CLEAR SCREEN;

SQL> SELECT * FROM EMP;

     EMPNO ENAME      JOB              MGR HIREDATE         SAL       COMM     DEPTNO               
---------- ---------- --------- ---------- --------- ---------- ---------- ----------               
      1000                                                 1000                                     
      1200                                                 1000                                     
      1500                                                 1000                                     
      7698 BLAKE      MANAGER         7839 01-MAY-81       1000                    30               
      7788 SCOTT      ANALYST         7566 19-APR-87       1000                    20               

SQL> ROLLBACK;

Rollback complete.

SQL> SELECT * FROM EMP;

     EMPNO ENAME      JOB              MGR HIREDATE         SAL       COMM     DEPTNO               
---------- ---------- --------- ---------- --------- ---------- ---------- ----------               
      7839 KING       PRESIDENT            17-NOV-81       5000                    10               
      7698 BLAKE      MANAGER         7839 01-MAY-81       2850                    30               
      7782 CLARK      MANAGER         7839 09-JUN-81       2450                    10               
      7566 JONES      MANAGER         7839 02-APR-81       2975                    20               
      7788 SCOTT      ANALYST         7566 19-APR-87       3000                    20               
      7902 FORD       ANALYST         7566 03-DEC-81       3000                    20               
      7369 SMITH      CLERK           7902 17-DEC-80        800                    20               
      7499 ALLEN      SALESMAN        7698 20-FEB-81       1600        300         30               
      7521 WARD       SALESMAN        7698 22-FEB-81       1250        500         30               
      7654 MARTIN     SALESMAN        7698 28-SEP-81       1250       1400         30               
      7844 TURNER     SALESMAN        7698 08-SEP-81       1500          0         30               
      7876 ADAMS      CLERK           7788 23-MAY-87       1100                    20               
      7900 JAMES      CLERK           7698 03-DEC-81        950                    30               
      7934 MILLER     CLERK           7782 23-JAN-82       1300                    10               

14 rows selected.

SQL> COMMIT;

Commit complete.

SQL> CREATE TABLE EMPCOPY AS SELECT * FROM EMP WHERE 1=2;

Table created.

SQL> DESC EMPCOPY;
 Name                                                  Null?    Type
 ----------------------------------------------------- -------- ------------------------------------
 EMPNO                                                          NUMBER(4)
 ENAME                                                          VARCHAR2(10)
 JOB                                                            VARCHAR2(9)
 MGR                                                            NUMBER(4)
 HIREDATE                                                       DATE
 SAL                                                            NUMBER(7,2)
 COMM                                                           NUMBER(7,2)
 DEPTNO                                                         NUMBER(2)

SQL> SELECT * FROM EMPCOPY;

no rows selected

SQL> ALTER TABLE EMPCOPY
  2  DROP COLUMN JOB;

Table altered.

SQL> ED
Wrote file afiedt.buf

  1  ALTER TABLE EMPCOPY
  2  DROP COLUMN MGR
  3  DROP COLUMN HIREDATE
  4* DROP COLUMN COMM
SQL> /
DROP COLUMN HIREDATE
*
ERROR at line 3:
ORA-00933: SQL command not properly ended 


SQL> ED
Wrote file afiedt.buf

  1  ALTER TABLE EMPCOPY
  2  DROP COLUMN MGR
  3  ,DROP COLUMN HIREDATE
  4* ,DROP COLUMN COMM
SQL> /
,DROP COLUMN HIREDATE
*
ERROR at line 3:
ORA-00933: SQL command not properly ended 


SQL> ED
Wrote file afiedt.buf

  1  ALTER TABLE EMPCOPY
  2* DROP COLUMN MGR
  3  /

Table altered.

SQL> ED
Wrote file afiedt.buf

  1  ALTER TABLE EMPCOPY
  2* DROP COLUMN HIREDATE
SQL> /

Table altered.

SQL> ED
Wrote file afiedt.buf

  1  ALTER TABLE EMPCOPY
  2* DROP COLUMN COMM
SQL> /

Table altered.

SQL> SELECT * FROM EMPCOPY;

no rows selected

SQL> DESC EMPCOPY;
 Name                                                  Null?    Type
 ----------------------------------------------------- -------- ------------------------------------
 EMPNO                                                          NUMBER(4)
 ENAME                                                          VARCHAR2(10)
 SAL                                                            NUMBER(7,2)
 DEPTNO                                                         NUMBER(2)

SQL> INSERT INTO EMPCOPY
  2  SELECT EMPNO
  3  ,ENAME
  4  ,SAL
  5  ,DEPTNO
  6  FROM EMP;

14 rows created.

SQL> SELECT * FROM EMPCOPY;

     EMPNO ENAME             SAL     DEPTNO                                                         
---------- ---------- ---------- ----------                                                         
      7839 KING             5000         10                                                         
      7698 BLAKE            2850         30                                                         
      7782 CLARK            2450         10                                                         
      7566 JONES            2975         20                                                         
      7788 SCOTT            3000         20                                                         
      7902 FORD             3000         20                                                         
      7369 SMITH             800         20                                                         
      7499 ALLEN            1600         30                                                         
      7521 WARD             1250         30                                                         
      7654 MARTIN           1250         30                                                         
      7844 TURNER           1500         30                                                         
      7876 ADAMS            1100         20                                                         
      7900 JAMES             950         30                                                         
      7934 MILLER           1300         10                                                         

14 rows selected.

SQL> INSERT INTO EMPCOPY
  2  VALUES(1000,'SACHIN',1000,10);

1 row created.

SQL> SELECT * FROM EMPCOPY;

     EMPNO ENAME             SAL     DEPTNO                                                         
---------- ---------- ---------- ----------                                                         
      7839 KING             5000         10                                                         
      7698 BLAKE            2850         30                                                         
      7782 CLARK            2450         10                                                         
      7566 JONES            2975         20                                                         
      7788 SCOTT            3000         20                                                         
      7902 FORD             3000         20                                                         
      7369 SMITH             800         20                                                         
      7499 ALLEN            1600         30                                                         
      7521 WARD             1250         30                                                         
      7654 MARTIN           1250         30                                                         
      7844 TURNER           1500         30                                                         
      7876 ADAMS            1100         20                                                         
      7900 JAMES             950         30                                                         
      7934 MILLER           1300         10                                                         
      1000 SACHIN           1000         10                                                         

15 rows selected.

SQL> INSERT INTO EMPCOPY(EMPNO)
  2  VALUES(1001);

1 row created.

SQL> SELECT * FROM EMPCOPY;

     EMPNO ENAME             SAL     DEPTNO                                                         
---------- ---------- ---------- ----------                                                         
      7839 KING             5000         10                                                         
      7698 BLAKE            2850         30                                                         
      7782 CLARK            2450         10                                                         
      7566 JONES            2975         20                                                         
      7788 SCOTT            3000         20                                                         
      7902 FORD             3000         20                                                         
      7369 SMITH             800         20                                                         
      7499 ALLEN            1600         30                                                         
      7521 WARD             1250         30                                                         
      7654 MARTIN           1250         30                                                         
      7844 TURNER           1500         30                                                         
      7876 ADAMS            1100         20                                                         
      7900 JAMES             950         30                                                         
      7934 MILLER           1300         10                                                         
      1000 SACHIN           1000         10                                                         
      1001                                                                                          

16 rows selected.

SQL> INSERT INTO EMPCOPY(EMPNO,ENAME)
  2  VALUES(&ENO,'&NAME');
Enter value for eno: 1003
Enter value for name: ABC
old   2: VALUES(&ENO,'&NAME')
new   2: VALUES(1003,'ABC')

1 row created.

SQL> SELECT * FROM EMPCOPY;

     EMPNO ENAME             SAL     DEPTNO                                                         
---------- ---------- ---------- ----------                                                         
      7839 KING             5000         10                                                         
      7698 BLAKE            2850         30                                                         
      7782 CLARK            2450         10                                                         
      7566 JONES            2975         20                                                         
      7788 SCOTT            3000         20                                                         
      7902 FORD             3000         20                                                         
      7369 SMITH             800         20                                                         
      7499 ALLEN            1600         30                                                         
      7521 WARD             1250         30                                                         
      7654 MARTIN           1250         30                                                         
      7844 TURNER           1500         30                                                         
      7876 ADAMS            1100         20                                                         
      7900 JAMES             950         30                                                         
      7934 MILLER           1300         10                                                         
      1000 SACHIN           1000         10                                                         
      1001                                                                                          
      1003 ABC                                                                                      

17 rows selected.

SQL> INSERT INTO EMPCOPY(EMPNO,ENAME)
  2  VALUES(&ENO,&NAME);
Enter value for eno: 1004
Enter value for name: 'PQR'
old   2: VALUES(&ENO,&NAME)
new   2: VALUES(1004,'PQR')

1 row created.

SQL> SELECT * FROM EMPCOPY;

     EMPNO ENAME             SAL     DEPTNO                                                         
---------- ---------- ---------- ----------                                                         
      7839 KING             5000         10                                                         
      7698 BLAKE            2850         30                                                         
      7782 CLARK            2450         10                                                         
      7566 JONES            2975         20                                                         
      7788 SCOTT            3000         20                                                         
      7902 FORD             3000         20                                                         
      7369 SMITH             800         20                                                         
      7499 ALLEN            1600         30                                                         
      7521 WARD             1250         30                                                         
      7654 MARTIN           1250         30                                                         
      7844 TURNER           1500         30                                                         
      7876 ADAMS            1100         20                                                         
      7900 JAMES             950         30                                                         
      7934 MILLER           1300         10                                                         
      1000 SACHIN           1000         10                                                         
      1001                                                                                          
      1003 ABC                                                                                      
      1004 PQR                                                                                      

18 rows selected.

SQL> UPDATE EMPCOPY
  2  SET SAL = 10000
  3  WHERE EMPNO = 1001;

1 row updated.

SQL> SELECT * FROM EMPCOPY;

     EMPNO ENAME             SAL     DEPTNO                                                         
---------- ---------- ---------- ----------                                                         
      7839 KING             5000         10                                                         
      7698 BLAKE            2850         30                                                         
      7782 CLARK            2450         10                                                         
      7566 JONES            2975         20                                                         
      7788 SCOTT            3000         20                                                         
      7902 FORD             3000         20                                                         
      7369 SMITH             800         20                                                         
      7499 ALLEN            1600         30                                                         
      7521 WARD             1250         30                                                         
      7654 MARTIN           1250         30                                                         
      7844 TURNER           1500         30                                                         
      7876 ADAMS            1100         20                                                         
      7900 JAMES             950         30                                                         
      7934 MILLER           1300         10                                                         
      1000 SACHIN           1000         10                                                         
      1001                 10000                                                                    
      1003 ABC                                                                                      
      1004 PQR                                                                                      

18 rows selected.

SQL> SELECT * FROM EMP;

     EMPNO ENAME      JOB              MGR HIREDATE         SAL       COMM     DEPTNO               
---------- ---------- --------- ---------- --------- ---------- ---------- ----------               
      7839 KING       PRESIDENT            17-NOV-81       5000                    10               
      7698 BLAKE      MANAGER         7839 01-MAY-81       2850                    30               
      7782 CLARK      MANAGER         7839 09-JUN-81       2450                    10               
      7566 JONES      MANAGER         7839 02-APR-81       2975                    20               
      7788 SCOTT      ANALYST         7566 19-APR-87       3000                    20               
      7902 FORD       ANALYST         7566 03-DEC-81       3000                    20               
      7369 SMITH      CLERK           7902 17-DEC-80        800                    20               
      7499 ALLEN      SALESMAN        7698 20-FEB-81       1600        300         30               
      7521 WARD       SALESMAN        7698 22-FEB-81       1250        500         30               
      7654 MARTIN     SALESMAN        7698 28-SEP-81       1250       1400         30               
      7844 TURNER     SALESMAN        7698 08-SEP-81       1500          0         30               
      7876 ADAMS      CLERK           7788 23-MAY-87       1100                    20               
      7900 JAMES      CLERK           7698 03-DEC-81        950                    30               
      7934 MILLER     CLERK           7782 23-JAN-82       1300                    10               

14 rows selected.

SQL> CREATE TABLE EMPMERGE
  2  AS SELECT * FROM EMP
  3  WHERE DEPTNO = 10;

Table created.

SQL> SELECT * FROM EMPMERGE;

     EMPNO ENAME      JOB              MGR HIREDATE         SAL       COMM     DEPTNO               
---------- ---------- --------- ---------- --------- ---------- ---------- ----------               
      7839 KING       PRESIDENT            17-NOV-81       5000                    10               
      7782 CLARK      MANAGER         7839 09-JUN-81       2450                    10               
      7934 MILLER     CLERK           7782 23-JAN-82       1300                    10               

SQL> ED
Wrote file afiedt.buf

  1  MERGE INTO EMPMERGE
  2  USING EMP
  3  ON(EMP.EMPNO = EMPMERGE.EMPNO)
  4  WHEN MATCHED THEN
  5  UPDATE
  6  SET EMPMERGE.SAL = 7500
  7  WHEN NOT MATCHED THEN
  8  INSERT(EMPMERGE.EMPNO)
  9* VALUES(EMP.EMPNO)
SQL> /

14 rows merged.

SQL> SELECT * FROM EMPMERGE;

     EMPNO ENAME      JOB              MGR HIREDATE         SAL       COMM     DEPTNO               
---------- ---------- --------- ---------- --------- ---------- ---------- ----------               
      7839 KING       PRESIDENT            17-NOV-81       7500                    10               
      7782 CLARK      MANAGER         7839 09-JUN-81       7500                    10               
      7934 MILLER     CLERK           7782 23-JAN-82       7500                    10               
      7844                                                                                          
      7521                                                                                          
      7654                                                                                          
      7788                                                                                          
      7698                                                                                          
      7566                                                                                          
      7499                                                                                          
      7902                                                                                          
      7369                                                                                          
      7876                                                                                          
      7900                                                                                          

14 rows selected.

SQL> ED
Wrote file afiedt.buf

  1* SELECT * FROM EMPMERGE
SQL> CLEAR SCREEN

SQL> SELECT * FROM EMP;

     EMPNO ENAME      JOB              MGR HIREDATE         SAL       COMM     DEPTNO               
---------- ---------- --------- ---------- --------- ---------- ---------- ----------               
      7839 KING       PRESIDENT            17-NOV-81       5000                    10               
      7698 BLAKE      MANAGER         7839 01-MAY-81       2850                    30               
      7782 CLARK      MANAGER         7839 09-JUN-81       2450                    10               
      7566 JONES      MANAGER         7839 02-APR-81       2975                    20               
      7788 SCOTT      ANALYST         7566 19-APR-87       3000                    20               
      7902 FORD       ANALYST         7566 03-DEC-81       3000                    20               
      7369 SMITH      CLERK           7902 17-DEC-80        800                    20               
      7499 ALLEN      SALESMAN        7698 20-FEB-81       1600        300         30               
      7521 WARD       SALESMAN        7698 22-FEB-81       1250        500         30               
      7654 MARTIN     SALESMAN        7698 28-SEP-81       1250       1400         30               
      7844 TURNER     SALESMAN        7698 08-SEP-81       1500          0         30               
      7876 ADAMS      CLERK           7788 23-MAY-87       1100                    20               
      7900 JAMES      CLERK           7698 03-DEC-81        950                    30               
      7934 MILLER     CLERK           7782 23-JAN-82       1300                    10               

14 rows selected.

SQL> COMMIT;

Commit complete.

SQL> SELECT * FROM EMPMERGE;

     EMPNO ENAME      JOB              MGR HIREDATE         SAL       COMM     DEPTNO               
---------- ---------- --------- ---------- --------- ---------- ---------- ----------               
      7839 KING       PRESIDENT            17-NOV-81       7500                    10               
      7782 CLARK      MANAGER         7839 09-JUN-81       7500                    10               
      7934 MILLER     CLERK           7782 23-JAN-82       7500                    10               
      7844                                                                                          
      7521                                                                                          
      7654                                                                                          
      7788                                                                                          
      7698                                                                                          
      7566                                                                                          
      7499                                                                                          
      7902                                                                                          
      7369                                                                                          
      7876                                                                                          
      7900                                                                                          

14 rows selected.

SQL> DELETE FROM EMPMERGE
  2  WHERE EMPNO = 7900;

1 row deleted.

SQL> SELECT * FROM EMPMERGE;

     EMPNO ENAME      JOB              MGR HIREDATE         SAL       COMM     DEPTNO               
---------- ---------- --------- ---------- --------- ---------- ---------- ----------               
      7839 KING       PRESIDENT            17-NOV-81       7500                    10               
      7782 CLARK      MANAGER         7839 09-JUN-81       7500                    10               
      7934 MILLER     CLERK           7782 23-JAN-82       7500                    10               
      7844                                                                                          
      7521                                                                                          
      7654                                                                                          
      7788                                                                                          
      7698                                                                                          
      7566                                                                                          
      7499                                                                                          
      7902                                                                                          
      7369                                                                                          
      7876                                                                                          

13 rows selected.

SQL> SAVEPOINT S1;

Savepoint created.

SQL> DELETE FROM EMPMERGE
  2  WHERE EMPNO = 7876;

1 row deleted.

SQL> SELECT * FROM EMPMERGE;

     EMPNO ENAME      JOB              MGR HIREDATE         SAL       COMM     DEPTNO               
---------- ---------- --------- ---------- --------- ---------- ---------- ----------               
      7839 KING       PRESIDENT            17-NOV-81       7500                    10               
      7782 CLARK      MANAGER         7839 09-JUN-81       7500                    10               
      7934 MILLER     CLERK           7782 23-JAN-82       7500                    10               
      7844                                                                                          
      7521                                                                                          
      7654                                                                                          
      7788                                                                                          
      7698                                                                                          
      7566                                                                                          
      7499                                                                                          
      7902                                                                                          
      7369                                                                                          

12 rows selected.

SQL> SAVEPOINT S2;

Savepoint created.

SQL> DELETE FROM EMPMERGE
  2  WHERE EMPNO = 7369;

1 row deleted.

SQL> SELECT * FROM EMPMERGE;

     EMPNO ENAME      JOB              MGR HIREDATE         SAL       COMM     DEPTNO               
---------- ---------- --------- ---------- --------- ---------- ---------- ----------               
      7839 KING       PRESIDENT            17-NOV-81       7500                    10               
      7782 CLARK      MANAGER         7839 09-JUN-81       7500                    10               
      7934 MILLER     CLERK           7782 23-JAN-82       7500                    10               
      7844                                                                                          
      7521                                                                                          
      7654                                                                                          
      7788                                                                                          
      7698                                                                                          
      7566                                                                                          
      7499                                                                                          
      7902                                                                                          

11 rows selected.

SQL> ROLLBACK TO S2;

Rollback complete.

SQL> SELECT * FROM EMPMERGE;

     EMPNO ENAME      JOB              MGR HIREDATE         SAL       COMM     DEPTNO               
---------- ---------- --------- ---------- --------- ---------- ---------- ----------               
      7839 KING       PRESIDENT            17-NOV-81       7500                    10               
      7782 CLARK      MANAGER         7839 09-JUN-81       7500                    10               
      7934 MILLER     CLERK           7782 23-JAN-82       7500                    10               
      7844                                                                                          
      7521                                                                                          
      7654                                                                                          
      7788                                                                                          
      7698                                                                                          
      7566                                                                                          
      7499                                                                                          
      7902                                                                                          
      7369                                                                                          

12 rows selected.

SQL> ROLLBACK TO S1;

Rollback complete.

SQL> SELECT * FROM EMPMERGE;

     EMPNO ENAME      JOB              MGR HIREDATE         SAL       COMM     DEPTNO               
---------- ---------- --------- ---------- --------- ---------- ---------- ----------               
      7839 KING       PRESIDENT            17-NOV-81       7500                    10               
      7782 CLARK      MANAGER         7839 09-JUN-81       7500                    10               
      7934 MILLER     CLERK           7782 23-JAN-82       7500                    10               
      7844                                                                                          
      7521                                                                                          
      7654                                                                                          
      7788                                                                                          
      7698                                                                                          
      7566                                                                                          
      7499                                                                                          
      7902                                                                                          
      7369                                                                                          
      7876                                                                                          

13 rows selected.

SQL> ROLLBACK
  2  ;

Rollback complete.

SQL> SELECT * FROM EMPMERGE;

     EMPNO ENAME      JOB              MGR HIREDATE         SAL       COMM     DEPTNO               
---------- ---------- --------- ---------- --------- ---------- ---------- ----------               
      7839 KING       PRESIDENT            17-NOV-81       7500                    10               
      7782 CLARK      MANAGER         7839 09-JUN-81       7500                    10               
      7934 MILLER     CLERK           7782 23-JAN-82       7500                    10               
      7844                                                                                          
      7521                                                                                          
      7654                                                                                          
      7788                                                                                          
      7698                                                                                          
      7566                                                                                          
      7499                                                                                          
      7902                                                                                          
      7369                                                                                          
      7876                                                                                          
      7900                                                                                          

14 rows selected.

SQL> CREATE USER SACHIN
  2  IDENTIFIED BY SACHIN;
CREATE USER SACHIN
            *
ERROR at line 1:
ORA-01920: user name 'SACHIN' conflicts with another user or role name 


SQL> DROP USER SACHIN;
DROP USER SACHIN
*
ERROR at line 1:
ORA-01922: CASCADE must be specified to drop 'SACHIN' 


SQL> CREATE USER SACHIN1
  2  IDENTIFIED BY SACHIN1;
CREATE USER SACHIN1
            *
ERROR at line 1:
ORA-01920: user name 'SACHIN1' conflicts with another user or role name 


SQL> DROP USER SACHIN1;
DROP USER SACHIN1
*
ERROR at line 1:
ORA-01922: CASCADE must be specified to drop 'SACHIN1' 


SQL> CREATE USER S1
  2  IDENTIFIED BY S1;

User created.

SQL> CONNECT S1/S1;
ERROR:
ORA-01045: user S1 lacks CREATE SESSION privilege; logon denied 


Warning: You are no longer connected to ORACLE.
SQL> CONNECT scott/tiger;
Connected.
SQL> GRANT CREATE SESSION TO S1;

Grant succeeded.

SQL> CONNECT S1/S1;
Connected.
SQL> SELECT * FROM USER_OBJECTS;

no rows selected

SQL> SELECT * FROM EMP;
SELECT * FROM EMP
              *
ERROR at line 1:
ORA-00942: table or view does not exist 


SQL> CREATE TABLE E
  2  (EMPNO NUMBER(4));
CREATE TABLE E
*
ERROR at line 1:
ORA-01031: insufficient privileges 


SQL> CONNECT scott/tiger;
Connected.
SQL> GRANT CREATE TABLE TO S1;

Grant succeeded.

SQL> CONNECT S1/S1;
Connected.
SQL> CREATE TABLE E
  2  (EMPNO NUMBER(4));

Table created.

SQL> INSERT INTO E
  2  VALUES(10);
INSERT INTO E
            *
ERROR at line 1:
ORA-01950: no privileges on tablespace 'USERS' 


SQL> CONNECT scott/tiger;
Connected.
SQL> GRANT UNLIMITED TABLESPACE TO S1;

Grant succeeded.

SQL> CONNECT S1/S1;
Connected.
SQL> INSERT INTO E
  2  VALUES(10);

1 row created.

SQL> SELECT * FROM E;

     EMPNO                                                                                          
----------                                                                                          
        10                                                                                          

SQL> CREATE USER EE
  2  IDENTIFIED BY EE;
IDENTIFIED BY EE
              *
ERROR at line 2:
ORA-01031: insufficient privileges 


SQL> CONNECT scott/tiger;
Connected.
SQL> GRANT CREATE USER TO S1 WITH GRANT OPTION;
GRANT CREATE USER TO S1 WITH GRANT OPTION
                             *
ERROR at line 1:
ORA-01939: only the ADMIN OPTION can be specified 


SQL> ED
Wrote file afiedt.buf

  1* GRANT CREATE USER TO S1 WITH ADMIN OPTION
SQL> /

Grant succeeded.

SQL> CONNECT S1/S1;
Connected.
SQL> CREATE USER S1
  2  IDENTIFIED BY S2;
CREATE USER S1
            *
ERROR at line 1:
ORA-01920: user name 'S1' conflicts with another user or role name 


SQL> ED
Wrote file afiedt.buf

  1  CREATE USER S2
  2* IDENTIFIED BY S2
SQL> /

User created.

SQL> GRANT CREATE USER TO S2;

Grant succeeded.

SQL> SPOOL OFF;
