SQL> SELECT * FROM EMP;

     EMPNO ENAME      JOB              MGR HIREDATE         SAL       COMM      
---------- ---------- --------- ---------- --------- ---------- ----------      
    DEPTNO                                                                      
----------                                                                      
         5 SACHIN                                                               
                                                                                
                                                                                
      1000            TRAINER                                                   
        10                                                                      
                                                                                
      5000                                                                      
                                                                                
                                                                                

     EMPNO ENAME      JOB              MGR HIREDATE         SAL       COMM      
---------- ---------- --------- ---------- --------- ---------- ----------      
    DEPTNO                                                                      
----------                                                                      
      7839 KING       PRESIDENT            17-NOV-81       5000                 
        10                                                                      
                                                                                
      7698 BLAKE      MANAGER         7839 01-MAY-81       2850                 
        30                                                                      
                                                                                
      7782 CLARK      MANAGER         7839 09-JUN-81       2450                 
        10                                                                      
                                                                                

     EMPNO ENAME      JOB              MGR HIREDATE         SAL       COMM      
---------- ---------- --------- ---------- --------- ---------- ----------      
    DEPTNO                                                                      
----------                                                                      
      7566 JONES      MANAGER         7839 02-APR-81       2975                 
        20                                                                      
                                                                                
      7788 SCOTT      ANALYST         7566 19-APR-87       3000                 
        20                                                                      
                                                                                
      7902 FORD       ANALYST         7566 03-DEC-81       3000                 
        20                                                                      
                                                                                

     EMPNO ENAME      JOB              MGR HIREDATE         SAL       COMM      
---------- ---------- --------- ---------- --------- ---------- ----------      
    DEPTNO                                                                      
----------                                                                      
      7369 SMITH      CLERK           7902 17-DEC-80        800                 
        20                                                                      
                                                                                
      7499 ALLEN      SALESMAN        7698 20-FEB-81       1600        300      
        30                                                                      
                                                                                
      7521 WARD       SALESMAN        7698 22-FEB-81       1250        500      
        30                                                                      
                                                                                

     EMPNO ENAME      JOB              MGR HIREDATE         SAL       COMM      
---------- ---------- --------- ---------- --------- ---------- ----------      
    DEPTNO                                                                      
----------                                                                      
      7654 MARTIN     SALESMAN        7698 28-SEP-81       1250       1400      
        30                                                                      
                                                                                
      7844 TURNER     SALESMAN        7698 08-SEP-81       1500          0      
        30                                                                      
                                                                                
      7876 ADAMS      CLERK           7788 23-MAY-87       1100                 
        20                                                                      
                                                                                

     EMPNO ENAME      JOB              MGR HIREDATE         SAL       COMM      
---------- ---------- --------- ---------- --------- ---------- ----------      
    DEPTNO                                                                      
----------                                                                      
      7900 JAMES      CLERK           7698 03-DEC-81        950                 
        30                                                                      
                                                                                
      7934 MILLER     CLERK           7782 23-JAN-82       1300                 
        10                                                                      
                                                                                

17 rows selected.

SQL> SET LINESIZE 100
SQL> SELECT * FROM EMP;

     EMPNO ENAME      JOB              MGR HIREDATE         SAL       COMM     DEPTNO               
---------- ---------- --------- ---------- --------- ---------- ---------- ----------               
         5 SACHIN                                                                                   
      1000            TRAINER                                                      10               
      5000                                                                                          
      7839 KING       PRESIDENT            17-NOV-81       5000                    10               
      7698 BLAKE      MANAGER         7839 01-MAY-81       2850                    30               
      7782 CLARK      MANAGER         7839 09-JUN-81       2450                    10               
      7566 JONES      MANAGER         7839 02-APR-81       2975                    20               
      7788 SCOTT      ANALYST         7566 19-APR-87       3000                    20               
      7902 FORD       ANALYST         7566 03-DEC-81       3000                    20               
      7369 SMITH      CLERK           7902 17-DEC-80        800                    20               
      7499 ALLEN      SALESMAN        7698 20-FEB-81       1600        300         30               

     EMPNO ENAME      JOB              MGR HIREDATE         SAL       COMM     DEPTNO               
---------- ---------- --------- ---------- --------- ---------- ---------- ----------               
      7521 WARD       SALESMAN        7698 22-FEB-81       1250        500         30               
      7654 MARTIN     SALESMAN        7698 28-SEP-81       1250       1400         30               
      7844 TURNER     SALESMAN        7698 08-SEP-81       1500          0         30               
      7876 ADAMS      CLERK           7788 23-MAY-87       1100                    20               
      7900 JAMES      CLERK           7698 03-DEC-81        950                    30               
      7934 MILLER     CLERK           7782 23-JAN-82       1300                    10               

17 rows selected.

SQL> SET PAGESIZE 100
SQL> SELECT * FROM EMP;

     EMPNO ENAME      JOB              MGR HIREDATE         SAL       COMM     DEPTNO               
---------- ---------- --------- ---------- --------- ---------- ---------- ----------               
         5 SACHIN                                                                                   
      1000            TRAINER                                                      10               
      5000                                                                                          
      7839 KING       PRESIDENT            17-NOV-81       5000                    10               
      7698 BLAKE      MANAGER         7839 01-MAY-81       2850                    30               
      7782 CLARK      MANAGER         7839 09-JUN-81       2450                    10               
      7566 JONES      MANAGER         7839 02-APR-81       2975                    20               
      7788 SCOTT      ANALYST         7566 19-APR-87       3000                    20               
      7902 FORD       ANALYST         7566 03-DEC-81       3000                    20               
      7369 SMITH      CLERK           7902 17-DEC-80        800                    20               
      7499 ALLEN      SALESMAN        7698 20-FEB-81       1600        300         30               
      7521 WARD       SALESMAN        7698 22-FEB-81       1250        500         30               
      7654 MARTIN     SALESMAN        7698 28-SEP-81       1250       1400         30               
      7844 TURNER     SALESMAN        7698 08-SEP-81       1500          0         30               
      7876 ADAMS      CLERK           7788 23-MAY-87       1100                    20               
      7900 JAMES      CLERK           7698 03-DEC-81        950                    30               
      7934 MILLER     CLERK           7782 23-JAN-82       1300                    10               

17 rows selected.

SQL> SELECT EMPNO
  2  ,ENAME
  3  ,JOB
  4  ,SAL
  5  ,DEPTNO
  6  FROM EMP;

     EMPNO ENAME      JOB              SAL     DEPTNO                                               
---------- ---------- --------- ---------- ----------                                               
         5 SACHIN                                                                                   
      1000            TRAINER                      10                                               
      5000                                                                                          
      7839 KING       PRESIDENT       5000         10                                               
      7698 BLAKE      MANAGER         2850         30                                               
      7782 CLARK      MANAGER         2450         10                                               
      7566 JONES      MANAGER         2975         20                                               
      7788 SCOTT      ANALYST         3000         20                                               
      7902 FORD       ANALYST         3000         20                                               
      7369 SMITH      CLERK            800         20                                               
      7499 ALLEN      SALESMAN        1600         30                                               
      7521 WARD       SALESMAN        1250         30                                               
      7654 MARTIN     SALESMAN        1250         30                                               
      7844 TURNER     SALESMAN        1500         30                                               
      7876 ADAMS      CLERK           1100         20                                               
      7900 JAMES      CLERK            950         30                                               
      7934 MILLER     CLERK           1300         10                                               

17 rows selected.

SQL> ED
Wrote file afiedt.buf

  1  SELECT EMPNO
  2  ,ENAME
  3  ,JOB
  4  ,SAL
  5  ,DEPTNO
  6  FROM EMP
  7  WHERE
  8* JOB = 'SALESMAN';
SQL> /
JOB = 'SALESMAN';
                *
ERROR at line 8:
ORA-00933: SQL command not properly ended 


SQL> ED
Wrote file afiedt.buf

  1  SELECT EMPNO
  2  ,ENAME
  3  ,JOB
  4  ,SAL
  5  ,DEPTNO
  6  FROM EMP
  7  WHERE
  8* JOB = 'SALESMAN'
SQL> /

     EMPNO ENAME      JOB              SAL     DEPTNO                                               
---------- ---------- --------- ---------- ----------                                               
      7499 ALLEN      SALESMAN        1600         30                                               
      7521 WARD       SALESMAN        1250         30                                               
      7654 MARTIN     SALESMAN        1250         30                                               
      7844 TURNER     SALESMAN        1500         30                                               

SQL> ED
Wrote file afiedt.buf

  1  SELECT EMPNO
  2  ,ENAME
  3  ,JOB
  4  ,SAL
  5  ,DEPTNO
  6  FROM EMP
  7  WHERE
  8* JOB = 'salesman'
SQL> /

no rows selected

SQL> SELECT * FROM EMP;

     EMPNO ENAME      JOB              MGR HIREDATE         SAL       COMM     DEPTNO               
---------- ---------- --------- ---------- --------- ---------- ---------- ----------               
         5 SACHIN                                                                                   
      1000            TRAINER                                                      10               
      5000                                                                                          
      7839 KING       PRESIDENT            17-NOV-81       5000                    10               
      7698 BLAKE      MANAGER         7839 01-MAY-81       2850                    30               
      7782 CLARK      MANAGER         7839 09-JUN-81       2450                    10               
      7566 JONES      MANAGER         7839 02-APR-81       2975                    20               
      7788 SCOTT      ANALYST         7566 19-APR-87       3000                    20               
      7902 FORD       ANALYST         7566 03-DEC-81       3000                    20               
      7369 SMITH      CLERK           7902 17-DEC-80        800                    20               
      7499 ALLEN      SALESMAN        7698 20-FEB-81       1600        300         30               
      7521 WARD       SALESMAN        7698 22-FEB-81       1250        500         30               
      7654 MARTIN     SALESMAN        7698 28-SEP-81       1250       1400         30               
      7844 TURNER     SALESMAN        7698 08-SEP-81       1500          0         30               
      7876 ADAMS      CLERK           7788 23-MAY-87       1100                    20               
      7900 JAMES      CLERK           7698 03-DEC-81        950                    30               
      7934 MILLER     CLERK           7782 23-JAN-82       1300                    10               

17 rows selected.

SQL> SELECT *
  2  FROM EMP
  3  WHERE HIREDATE BETWEEN '01-JAN-81' AND '31-DEC-81';

     EMPNO ENAME      JOB              MGR HIREDATE         SAL       COMM     DEPTNO               
---------- ---------- --------- ---------- --------- ---------- ---------- ----------               
      7839 KING       PRESIDENT            17-NOV-81       5000                    10               
      7698 BLAKE      MANAGER         7839 01-MAY-81       2850                    30               
      7782 CLARK      MANAGER         7839 09-JUN-81       2450                    10               
      7566 JONES      MANAGER         7839 02-APR-81       2975                    20               
      7902 FORD       ANALYST         7566 03-DEC-81       3000                    20               
      7499 ALLEN      SALESMAN        7698 20-FEB-81       1600        300         30               
      7521 WARD       SALESMAN        7698 22-FEB-81       1250        500         30               
      7654 MARTIN     SALESMAN        7698 28-SEP-81       1250       1400         30               
      7844 TURNER     SALESMAN        7698 08-SEP-81       1500          0         30               
      7900 JAMES      CLERK           7698 03-DEC-81        950                    30               

10 rows selected.

SQL> SELECT
  2  SAL
  3  ,ENAME
  4  FROM EMP
  5  WHERE JOB IN('MANAGER','SALESMAN');

       SAL ENAME                                                                                    
---------- ----------                                                                               
      2850 BLAKE                                                                                    
      2450 CLARK                                                                                    
      2975 JONES                                                                                    
      1600 ALLEN                                                                                    
      1250 WARD                                                                                     
      1250 MARTIN                                                                                   
      1500 TURNER                                                                                   

7 rows selected.

SQL> ED
Wrote file afiedt.buf

  1  SELECT
  2  SAL
  3  ,ENAME
  4  FROM EMP
  5* WHERE JOB NOT IN('MANAGER','SALESMAN')
SQL> /

       SAL ENAME                                                                                    
---------- ----------                                                                               
                                                                                                    
      5000 KING                                                                                     
      3000 SCOTT                                                                                    
      3000 FORD                                                                                     
       800 SMITH                                                                                    
      1100 ADAMS                                                                                    
       950 JAMES                                                                                    
      1300 MILLER                                                                                   

8 rows selected.

SQL> SELECT *
  2  FROM EMP
  3  WHERE ENAME LIKE 'S%';

     EMPNO ENAME      JOB              MGR HIREDATE         SAL       COMM     DEPTNO               
---------- ---------- --------- ---------- --------- ---------- ---------- ----------               
         5 SACHIN                                                                                   
      7788 SCOTT      ANALYST         7566 19-APR-87       3000                    20               
      7369 SMITH      CLERK           7902 17-DEC-80        800                    20               

SQL> SELECT ENAME FROM EMP;

ENAME                                                                                               
----------                                                                                          
SACHIN                                                                                              
                                                                                                    
                                                                                                    
KING                                                                                                
BLAKE                                                                                               
CLARK                                                                                               
JONES                                                                                               
SCOTT                                                                                               
FORD                                                                                                
SMITH                                                                                               
ALLEN                                                                                               
WARD                                                                                                
MARTIN                                                                                              
TURNER                                                                                              
ADAMS                                                                                               
JAMES                                                                                               
MILLER                                                                                              

17 rows selected.

SQL> SELECT *
  2  FROM EMP
  3  WHERE ENAME LIKE '__A%';

     EMPNO ENAME      JOB              MGR HIREDATE         SAL       COMM     DEPTNO               
---------- ---------- --------- ---------- --------- ---------- ---------- ----------               
      7698 BLAKE      MANAGER         7839 01-MAY-81       2850                    30               
      7782 CLARK      MANAGER         7839 09-JUN-81       2450                    10               
      7876 ADAMS      CLERK           7788 23-MAY-87       1100                    20               

SQL> ED
Wrote file afiedt.buf

  1  SELECT *
  2  FROM EMP
  3* WHERE ENAME LIKE '%N'
  4  /

     EMPNO ENAME      JOB              MGR HIREDATE         SAL       COMM     DEPTNO               
---------- ---------- --------- ---------- --------- ---------- ---------- ----------               
         5 SACHIN                                                                                   
      7499 ALLEN      SALESMAN        7698 20-FEB-81       1600        300         30               
      7654 MARTIN     SALESMAN        7698 28-SEP-81       1250       1400         30               

SQL> SELECT * FROM EMP;

     EMPNO ENAME      JOB              MGR HIREDATE         SAL       COMM     DEPTNO               
---------- ---------- --------- ---------- --------- ---------- ---------- ----------               
         5 SACHIN                                                                                   
      1000            TRAINER                                                      10               
      5000                                                                                          
      7839 KING       PRESIDENT            17-NOV-81       5000                    10               
      7698 BLAKE      MANAGER         7839 01-MAY-81       2850                    30               
      7782 CLARK      MANAGER         7839 09-JUN-81       2450                    10               
      7566 JONES      MANAGER         7839 02-APR-81       2975                    20               
      7788 SCOTT      ANALYST         7566 19-APR-87       3000                    20               
      7902 FORD       ANALYST         7566 03-DEC-81       3000                    20               
      7369 SMITH      CLERK           7902 17-DEC-80        800                    20               
      7499 ALLEN      SALESMAN        7698 20-FEB-81       1600        300         30               
      7521 WARD       SALESMAN        7698 22-FEB-81       1250        500         30               
      7654 MARTIN     SALESMAN        7698 28-SEP-81       1250       1400         30               
      7844 TURNER     SALESMAN        7698 08-SEP-81       1500          0         30               
      7876 ADAMS      CLERK           7788 23-MAY-87       1100                    20               
      7900 JAMES      CLERK           7698 03-DEC-81        950                    30               
      7934 MILLER     CLERK           7782 23-JAN-82       1300                    10               

17 rows selected.

SQL> SELECT *
  2  FROM EMP
  3  WHERE SAL > 2000
  4  AND
  5  DEPTNO = 10;

     EMPNO ENAME      JOB              MGR HIREDATE         SAL       COMM     DEPTNO               
---------- ---------- --------- ---------- --------- ---------- ---------- ----------               
      7839 KING       PRESIDENT            17-NOV-81       5000                    10               
      7782 CLARK      MANAGER         7839 09-JUN-81       2450                    10               

SQL> ED
Wrote file afiedt.buf

  1  SELECT *
  2  FROM EMP
  3  WHERE SAL > 2000
  4  OR
  5* DEPTNO = 10
SQL> /

     EMPNO ENAME      JOB              MGR HIREDATE         SAL       COMM     DEPTNO               
---------- ---------- --------- ---------- --------- ---------- ---------- ----------               
      1000            TRAINER                                                      10               
      7839 KING       PRESIDENT            17-NOV-81       5000                    10               
      7698 BLAKE      MANAGER         7839 01-MAY-81       2850                    30               
      7782 CLARK      MANAGER         7839 09-JUN-81       2450                    10               
      7566 JONES      MANAGER         7839 02-APR-81       2975                    20               
      7788 SCOTT      ANALYST         7566 19-APR-87       3000                    20               
      7902 FORD       ANALYST         7566 03-DEC-81       3000                    20               
      7934 MILLER     CLERK           7782 23-JAN-82       1300                    10               

8 rows selected.

SQL> SELECT *
  2  FROM EMP
  3  WHERE SAL IS NULL;

     EMPNO ENAME      JOB              MGR HIREDATE         SAL       COMM     DEPTNO               
---------- ---------- --------- ---------- --------- ---------- ---------- ----------               
         5 SACHIN                                                                                   
      1000            TRAINER                                                      10               
      5000                                                                                          

SQL> SELECT DISTINCT
  2  JOB
  3  FROM EMP;

JOB                                                                                                 
---------                                                                                           
                                                                                                    
TRAINER                                                                                             
CLERK                                                                                               
SALESMAN                                                                                            
PRESIDENT                                                                                           
MANAGER                                                                                             
ANALYST                                                                                             

7 rows selected.

SQL> ED
Wrote file afiedt.buf

  1  SELECT DISTINCT
  2  JOB
  3  FROM EMP
  4* ORDER BY JOB
SQL> /

JOB                                                                                                 
---------                                                                                           
ANALYST                                                                                             
CLERK                                                                                               
MANAGER                                                                                             
PRESIDENT                                                                                           
SALESMAN                                                                                            
TRAINER                                                                                             
                                                                                                    

7 rows selected.

SQL> ED
Wrote file afiedt.buf

  1  SELECT DISTINCT
  2  JOB
  3  FROM EMP
  4* ORDER BY JOB DESC
SQL> /

JOB                                                                                                 
---------                                                                                           
                                                                                                    
TRAINER                                                                                             
SALESMAN                                                                                            
PRESIDENT                                                                                           
MANAGER                                                                                             
CLERK                                                                                               
ANALYST                                                                                             

7 rows selected.

SQL> ED
Wrote file afiedt.buf

  1  SELECT DISTINCT
  2  JOB
  3  FROM EMP
  4* ORDER BY JOB ASC
SQL> /

JOB                                                                                                 
---------                                                                                           
ANALYST                                                                                             
CLERK                                                                                               
MANAGER                                                                                             
PRESIDENT                                                                                           
SALESMAN                                                                                            
TRAINER                                                                                             
                                                                                                    

7 rows selected.

SQL> SELECT * FROM EMP;

     EMPNO ENAME      JOB              MGR HIREDATE         SAL       COMM     DEPTNO               
---------- ---------- --------- ---------- --------- ---------- ---------- ----------               
         5 SACHIN                                                                                   
      1000            TRAINER                                                      10               
      5000                                                                                          
      7839 KING       PRESIDENT            17-NOV-81       5000                    10               
      7698 BLAKE      MANAGER         7839 01-MAY-81       2850                    30               
      7782 CLARK      MANAGER         7839 09-JUN-81       2450                    10               
      7566 JONES      MANAGER         7839 02-APR-81       2975                    20               
      7788 SCOTT      ANALYST         7566 19-APR-87       3000                    20               
      7902 FORD       ANALYST         7566 03-DEC-81       3000                    20               
      7369 SMITH      CLERK           7902 17-DEC-80        800                    20               
      7499 ALLEN      SALESMAN        7698 20-FEB-81       1600        300         30               
      7521 WARD       SALESMAN        7698 22-FEB-81       1250        500         30               
      7654 MARTIN     SALESMAN        7698 28-SEP-81       1250       1400         30               
      7844 TURNER     SALESMAN        7698 08-SEP-81       1500          0         30               
      7876 ADAMS      CLERK           7788 23-MAY-87       1100                    20               
      7900 JAMES      CLERK           7698 03-DEC-81        950                    30               
      7934 MILLER     CLERK           7782 23-JAN-82       1300                    10               

17 rows selected.

SQL> SELECT ENAME
  2  ,SAL
  3  ,DEPTNO
  4  FROM EMP
  5  ORDER BY SAL,DEPTNO;

ENAME             SAL     DEPTNO                                                                    
---------- ---------- ----------                                                                    
SMITH             800         20                                                                    
JAMES             950         30                                                                    
ADAMS            1100         20                                                                    
WARD             1250         30                                                                    
MARTIN           1250         30                                                                    
MILLER           1300         10                                                                    
TURNER           1500         30                                                                    
ALLEN            1600         30                                                                    
CLARK            2450         10                                                                    
BLAKE            2850         30                                                                    
JONES            2975         20                                                                    
SCOTT            3000         20                                                                    
FORD             3000         20                                                                    
KING             5000         10                                                                    
                              10                                                                    
                                                                                                    
SACHIN                                                                                              

17 rows selected.

SQL> ED
Wrote file afiedt.buf

  1  SELECT ENAME
  2  ,SAL
  3  FROM EMP
  4* ORDER BY SAL,ENAME
SQL> /

ENAME             SAL                                                                               
---------- ----------                                                                               
SMITH             800                                                                               
JAMES             950                                                                               
ADAMS            1100                                                                               
MARTIN           1250                                                                               
WARD             1250                                                                               
MILLER           1300                                                                               
TURNER           1500                                                                               
ALLEN            1600                                                                               
CLARK            2450                                                                               
BLAKE            2850                                                                               
JONES            2975                                                                               
FORD             3000                                                                               
SCOTT            3000                                                                               
KING             5000                                                                               
SACHIN                                                                                              
                                                                                                    
                                                                                                    

17 rows selected.

SQL> SPOOL OFF;
